--
-- PostgreSQL database dump
--

-- Dumped from database version 14.14
-- Dumped by pg_dump version 14.14

SET statement_timeout = 0;
SET lock_timeout = 0;
SET idle_in_transaction_session_timeout = 0;
SET client_encoding = 'UTF8';
SET standard_conforming_strings = on;
SELECT pg_catalog.set_config('search_path', '', false);
SET check_function_bodies = false;
SET xmloption = content;
SET client_min_messages = warning;
SET row_security = off;

SET default_tablespace = '';

SET default_table_access_method = heap;

--
-- Name: auth_group; Type: TABLE; Schema: public; Owner: postgres
--

CREATE TABLE public.auth_group (
    id integer NOT NULL,
    name character varying(150) NOT NULL
);


ALTER TABLE public.auth_group OWNER TO postgres;

--
-- Name: auth_group_id_seq; Type: SEQUENCE; Schema: public; Owner: postgres
--

ALTER TABLE public.auth_group ALTER COLUMN id ADD GENERATED BY DEFAULT AS IDENTITY (
    SEQUENCE NAME public.auth_group_id_seq
    START WITH 1
    INCREMENT BY 1
    NO MINVALUE
    NO MAXVALUE
    CACHE 1
);


--
-- Name: auth_group_permissions; Type: TABLE; Schema: public; Owner: postgres
--

CREATE TABLE public.auth_group_permissions (
    id bigint NOT NULL,
    group_id integer NOT NULL,
    permission_id integer NOT NULL
);


ALTER TABLE public.auth_group_permissions OWNER TO postgres;

--
-- Name: auth_group_permissions_id_seq; Type: SEQUENCE; Schema: public; Owner: postgres
--

ALTER TABLE public.auth_group_permissions ALTER COLUMN id ADD GENERATED BY DEFAULT AS IDENTITY (
    SEQUENCE NAME public.auth_group_permissions_id_seq
    START WITH 1
    INCREMENT BY 1
    NO MINVALUE
    NO MAXVALUE
    CACHE 1
);


--
-- Name: auth_permission; Type: TABLE; Schema: public; Owner: postgres
--

CREATE TABLE public.auth_permission (
    id integer NOT NULL,
    name character varying(255) NOT NULL,
    content_type_id integer NOT NULL,
    codename character varying(100) NOT NULL
);


ALTER TABLE public.auth_permission OWNER TO postgres;

--
-- Name: auth_permission_id_seq; Type: SEQUENCE; Schema: public; Owner: postgres
--

ALTER TABLE public.auth_permission ALTER COLUMN id ADD GENERATED BY DEFAULT AS IDENTITY (
    SEQUENCE NAME public.auth_permission_id_seq
    START WITH 1
    INCREMENT BY 1
    NO MINVALUE
    NO MAXVALUE
    CACHE 1
);


--
-- Name: auth_user; Type: TABLE; Schema: public; Owner: postgres
--

CREATE TABLE public.auth_user (
    id integer NOT NULL,
    password character varying(128) NOT NULL,
    last_login timestamp with time zone,
    is_superuser boolean NOT NULL,
    username character varying(150) NOT NULL,
    first_name character varying(150) NOT NULL,
    last_name character varying(150) NOT NULL,
    email character varying(254) NOT NULL,
    is_staff boolean NOT NULL,
    is_active boolean NOT NULL,
    date_joined timestamp with time zone NOT NULL
);


ALTER TABLE public.auth_user OWNER TO postgres;

--
-- Name: auth_user_groups; Type: TABLE; Schema: public; Owner: postgres
--

CREATE TABLE public.auth_user_groups (
    id bigint NOT NULL,
    user_id integer NOT NULL,
    group_id integer NOT NULL
);


ALTER TABLE public.auth_user_groups OWNER TO postgres;

--
-- Name: auth_user_groups_id_seq; Type: SEQUENCE; Schema: public; Owner: postgres
--

ALTER TABLE public.auth_user_groups ALTER COLUMN id ADD GENERATED BY DEFAULT AS IDENTITY (
    SEQUENCE NAME public.auth_user_groups_id_seq
    START WITH 1
    INCREMENT BY 1
    NO MINVALUE
    NO MAXVALUE
    CACHE 1
);


--
-- Name: auth_user_id_seq; Type: SEQUENCE; Schema: public; Owner: postgres
--

ALTER TABLE public.auth_user ALTER COLUMN id ADD GENERATED BY DEFAULT AS IDENTITY (
    SEQUENCE NAME public.auth_user_id_seq
    START WITH 1
    INCREMENT BY 1
    NO MINVALUE
    NO MAXVALUE
    CACHE 1
);


--
-- Name: auth_user_user_permissions; Type: TABLE; Schema: public; Owner: postgres
--

CREATE TABLE public.auth_user_user_permissions (
    id bigint NOT NULL,
    user_id integer NOT NULL,
    permission_id integer NOT NULL
);


ALTER TABLE public.auth_user_user_permissions OWNER TO postgres;

--
-- Name: auth_user_user_permissions_id_seq; Type: SEQUENCE; Schema: public; Owner: postgres
--

ALTER TABLE public.auth_user_user_permissions ALTER COLUMN id ADD GENERATED BY DEFAULT AS IDENTITY (
    SEQUENCE NAME public.auth_user_user_permissions_id_seq
    START WITH 1
    INCREMENT BY 1
    NO MINVALUE
    NO MAXVALUE
    CACHE 1
);


--
-- Name: django_admin_log; Type: TABLE; Schema: public; Owner: postgres
--

CREATE TABLE public.django_admin_log (
    id integer NOT NULL,
    action_time timestamp with time zone NOT NULL,
    object_id text,
    object_repr character varying(200) NOT NULL,
    action_flag smallint NOT NULL,
    change_message text NOT NULL,
    content_type_id integer,
    user_id integer NOT NULL,
    CONSTRAINT django_admin_log_action_flag_check CHECK ((action_flag >= 0))
);


ALTER TABLE public.django_admin_log OWNER TO postgres;

--
-- Name: django_admin_log_id_seq; Type: SEQUENCE; Schema: public; Owner: postgres
--

ALTER TABLE public.django_admin_log ALTER COLUMN id ADD GENERATED BY DEFAULT AS IDENTITY (
    SEQUENCE NAME public.django_admin_log_id_seq
    START WITH 1
    INCREMENT BY 1
    NO MINVALUE
    NO MAXVALUE
    CACHE 1
);


--
-- Name: django_content_type; Type: TABLE; Schema: public; Owner: postgres
--

CREATE TABLE public.django_content_type (
    id integer NOT NULL,
    app_label character varying(100) NOT NULL,
    model character varying(100) NOT NULL
);


ALTER TABLE public.django_content_type OWNER TO postgres;

--
-- Name: django_content_type_id_seq; Type: SEQUENCE; Schema: public; Owner: postgres
--

ALTER TABLE public.django_content_type ALTER COLUMN id ADD GENERATED BY DEFAULT AS IDENTITY (
    SEQUENCE NAME public.django_content_type_id_seq
    START WITH 1
    INCREMENT BY 1
    NO MINVALUE
    NO MAXVALUE
    CACHE 1
);


--
-- Name: django_migrations; Type: TABLE; Schema: public; Owner: postgres
--

CREATE TABLE public.django_migrations (
    id bigint NOT NULL,
    app character varying(255) NOT NULL,
    name character varying(255) NOT NULL,
    applied timestamp with time zone NOT NULL
);


ALTER TABLE public.django_migrations OWNER TO postgres;

--
-- Name: django_migrations_id_seq; Type: SEQUENCE; Schema: public; Owner: postgres
--

ALTER TABLE public.django_migrations ALTER COLUMN id ADD GENERATED BY DEFAULT AS IDENTITY (
    SEQUENCE NAME public.django_migrations_id_seq
    START WITH 1
    INCREMENT BY 1
    NO MINVALUE
    NO MAXVALUE
    CACHE 1
);


--
-- Name: django_session; Type: TABLE; Schema: public; Owner: postgres
--

CREATE TABLE public.django_session (
    session_key character varying(40) NOT NULL,
    session_data text NOT NULL,
    expire_date timestamp with time zone NOT NULL
);


ALTER TABLE public.django_session OWNER TO postgres;

--
-- Name: gestion_VarelaGimnasio_detallefactura; Type: TABLE; Schema: public; Owner: postgres
--

CREATE TABLE public."gestion_VarelaGimnasio_detallefactura" (
    id bigint NOT NULL,
    cantidad integer NOT NULL,
    precio_unitario numeric(10,2) NOT NULL,
    subtotal numeric(10,2) NOT NULL,
    producto_id bigint NOT NULL,
    factura_id bigint NOT NULL,
    CONSTRAINT "gestion_VarelaGimnasio_detallefactura_cantidad_check" CHECK ((cantidad >= 0))
);


ALTER TABLE public."gestion_VarelaGimnasio_detallefactura" OWNER TO postgres;

--
-- Name: gestion_VarelaGimnasio_detallefactura_id_seq; Type: SEQUENCE; Schema: public; Owner: postgres
--

ALTER TABLE public."gestion_VarelaGimnasio_detallefactura" ALTER COLUMN id ADD GENERATED BY DEFAULT AS IDENTITY (
    SEQUENCE NAME public."gestion_VarelaGimnasio_detallefactura_id_seq"
    START WITH 1
    INCREMENT BY 1
    NO MINVALUE
    NO MAXVALUE
    CACHE 1
);


--
-- Name: gestion_VarelaGimnasio_factura; Type: TABLE; Schema: public; Owner: postgres
--

CREATE TABLE public."gestion_VarelaGimnasio_factura" (
    id bigint NOT NULL,
    fecha_emision timestamp with time zone NOT NULL,
    total numeric(10,2) NOT NULL,
    cliente_id bigint NOT NULL
);


ALTER TABLE public."gestion_VarelaGimnasio_factura" OWNER TO postgres;

--
-- Name: gestion_VarelaGimnasio_factura_id_seq; Type: SEQUENCE; Schema: public; Owner: postgres
--

ALTER TABLE public."gestion_VarelaGimnasio_factura" ALTER COLUMN id ADD GENERATED BY DEFAULT AS IDENTITY (
    SEQUENCE NAME public."gestion_VarelaGimnasio_factura_id_seq"
    START WITH 1
    INCREMENT BY 1
    NO MINVALUE
    NO MAXVALUE
    CACHE 1
);


--
-- Name: gestion_VarelaGimnasio_membresia; Type: TABLE; Schema: public; Owner: postgres
--

CREATE TABLE public."gestion_VarelaGimnasio_membresia" (
    id bigint NOT NULL,
    precio numeric(10,2),
    fecha_expiracion date NOT NULL,
    fecha_inicio date NOT NULL,
    tipo character varying(100) NOT NULL,
    usuario_id bigint
);


ALTER TABLE public."gestion_VarelaGimnasio_membresia" OWNER TO postgres;

--
-- Name: gestion_VarelaGimnasio_membresia_id_seq; Type: SEQUENCE; Schema: public; Owner: postgres
--

ALTER TABLE public."gestion_VarelaGimnasio_membresia" ALTER COLUMN id ADD GENERATED BY DEFAULT AS IDENTITY (
    SEQUENCE NAME public."gestion_VarelaGimnasio_membresia_id_seq"
    START WITH 1
    INCREMENT BY 1
    NO MINVALUE
    NO MAXVALUE
    CACHE 1
);


--
-- Name: gestion_VarelaGimnasio_producto; Type: TABLE; Schema: public; Owner: postgres
--

CREATE TABLE public."gestion_VarelaGimnasio_producto" (
    id bigint NOT NULL,
    nombre character varying(100) NOT NULL,
    categoria character varying(100) NOT NULL,
    cantidad_stock integer NOT NULL,
    precio_unitario numeric(10,2) NOT NULL
);


ALTER TABLE public."gestion_VarelaGimnasio_producto" OWNER TO postgres;

--
-- Name: gestion_VarelaGimnasio_producto_id_seq; Type: SEQUENCE; Schema: public; Owner: postgres
--

ALTER TABLE public."gestion_VarelaGimnasio_producto" ALTER COLUMN id ADD GENERATED BY DEFAULT AS IDENTITY (
    SEQUENCE NAME public."gestion_VarelaGimnasio_producto_id_seq"
    START WITH 1
    INCREMENT BY 1
    NO MINVALUE
    NO MAXVALUE
    CACHE 1
);


--
-- Name: gestion_VarelaGimnasio_transaccion; Type: TABLE; Schema: public; Owner: postgres
--

CREATE TABLE public."gestion_VarelaGimnasio_transaccion" (
    id bigint NOT NULL,
    tipo character varying(100) NOT NULL,
    monto numeric(10,2) NOT NULL,
    fecha timestamp with time zone NOT NULL,
    usuario_id bigint NOT NULL
);


ALTER TABLE public."gestion_VarelaGimnasio_transaccion" OWNER TO postgres;

--
-- Name: gestion_VarelaGimnasio_transaccion_id_seq; Type: SEQUENCE; Schema: public; Owner: postgres
--

ALTER TABLE public."gestion_VarelaGimnasio_transaccion" ALTER COLUMN id ADD GENERATED BY DEFAULT AS IDENTITY (
    SEQUENCE NAME public."gestion_VarelaGimnasio_transaccion_id_seq"
    START WITH 1
    INCREMENT BY 1
    NO MINVALUE
    NO MAXVALUE
    CACHE 1
);


--
-- Name: gestion_VarelaGimnasio_usuario; Type: TABLE; Schema: public; Owner: postgres
--

CREATE TABLE public."gestion_VarelaGimnasio_usuario" (
    id bigint NOT NULL,
    nombre character varying(100) NOT NULL,
    correo character varying(254) NOT NULL,
    telefono character varying(15)
);


ALTER TABLE public."gestion_VarelaGimnasio_usuario" OWNER TO postgres;

--
-- Name: gestion_VarelaGimnasio_usuario_id_seq; Type: SEQUENCE; Schema: public; Owner: postgres
--

ALTER TABLE public."gestion_VarelaGimnasio_usuario" ALTER COLUMN id ADD GENERATED BY DEFAULT AS IDENTITY (
    SEQUENCE NAME public."gestion_VarelaGimnasio_usuario_id_seq"
    START WITH 1
    INCREMENT BY 1
    NO MINVALUE
    NO MAXVALUE
    CACHE 1
);


--
-- Data for Name: auth_group; Type: TABLE DATA; Schema: public; Owner: postgres
--

COPY public.auth_group (id, name) FROM stdin;
\.


--
-- Data for Name: auth_group_permissions; Type: TABLE DATA; Schema: public; Owner: postgres
--

COPY public.auth_group_permissions (id, group_id, permission_id) FROM stdin;
\.


--
-- Data for Name: auth_permission; Type: TABLE DATA; Schema: public; Owner: postgres
--

COPY public.auth_permission (id, name, content_type_id, codename) FROM stdin;
1	Can add log entry	1	add_logentry
2	Can change log entry	1	change_logentry
3	Can delete log entry	1	delete_logentry
4	Can view log entry	1	view_logentry
5	Can add permission	2	add_permission
6	Can change permission	2	change_permission
7	Can delete permission	2	delete_permission
8	Can view permission	2	view_permission
9	Can add group	3	add_group
10	Can change group	3	change_group
11	Can delete group	3	delete_group
12	Can view group	3	view_group
13	Can add user	4	add_user
14	Can change user	4	change_user
15	Can delete user	4	delete_user
16	Can view user	4	view_user
17	Can add content type	5	add_contenttype
18	Can change content type	5	change_contenttype
19	Can delete content type	5	delete_contenttype
20	Can view content type	5	view_contenttype
21	Can add session	6	add_session
22	Can change session	6	change_session
23	Can delete session	6	delete_session
24	Can view session	6	view_session
25	Can add membresia	7	add_membresia
26	Can change membresia	7	change_membresia
27	Can delete membresia	7	delete_membresia
28	Can view membresia	7	view_membresia
29	Can add producto	8	add_producto
30	Can change producto	8	change_producto
31	Can delete producto	8	delete_producto
32	Can view producto	8	view_producto
33	Can add transaccion	9	add_transaccion
34	Can change transaccion	9	change_transaccion
35	Can delete transaccion	9	delete_transaccion
36	Can view transaccion	9	view_transaccion
37	Can add usuario	10	add_usuario
38	Can change usuario	10	change_usuario
39	Can delete usuario	10	delete_usuario
40	Can view usuario	10	view_usuario
41	Can add factura	11	add_factura
42	Can change factura	11	change_factura
43	Can delete factura	11	delete_factura
44	Can view factura	11	view_factura
45	Can add detalle factura	12	add_detallefactura
46	Can change detalle factura	12	change_detallefactura
47	Can delete detalle factura	12	delete_detallefactura
48	Can view detalle factura	12	view_detallefactura
\.


--
-- Data for Name: auth_user; Type: TABLE DATA; Schema: public; Owner: postgres
--

COPY public.auth_user (id, password, last_login, is_superuser, username, first_name, last_name, email, is_staff, is_active, date_joined) FROM stdin;
1	pbkdf2_sha256$870000$8DY5uRprxsJnviP0DEFF1K$ebSPFiAGCBbI6sr/5f1vGrYGqNiV5yqjVu63AfaCe3A=	2024-11-17 21:42:28.146351-06	t	gabizona				t	t	2024-11-17 21:41:50.050219-06
\.


--
-- Data for Name: auth_user_groups; Type: TABLE DATA; Schema: public; Owner: postgres
--

COPY public.auth_user_groups (id, user_id, group_id) FROM stdin;
\.


--
-- Data for Name: auth_user_user_permissions; Type: TABLE DATA; Schema: public; Owner: postgres
--

COPY public.auth_user_user_permissions (id, user_id, permission_id) FROM stdin;
\.


--
-- Data for Name: django_admin_log; Type: TABLE DATA; Schema: public; Owner: postgres
--

COPY public.django_admin_log (id, action_time, object_id, object_repr, action_flag, change_message, content_type_id, user_id) FROM stdin;
\.


--
-- Data for Name: django_content_type; Type: TABLE DATA; Schema: public; Owner: postgres
--

COPY public.django_content_type (id, app_label, model) FROM stdin;
1	admin	logentry
2	auth	permission
3	auth	group
4	auth	user
5	contenttypes	contenttype
6	sessions	session
7	gestion_VarelaGimnasio	membresia
8	gestion_VarelaGimnasio	producto
9	gestion_VarelaGimnasio	transaccion
10	gestion_VarelaGimnasio	usuario
11	gestion_VarelaGimnasio	factura
12	gestion_VarelaGimnasio	detallefactura
\.


--
-- Data for Name: django_migrations; Type: TABLE DATA; Schema: public; Owner: postgres
--

COPY public.django_migrations (id, app, name, applied) FROM stdin;
1	contenttypes	0001_initial	2024-11-17 21:39:54.463287-06
2	auth	0001_initial	2024-11-17 21:39:55.406298-06
3	admin	0001_initial	2024-11-17 21:39:55.639362-06
4	admin	0002_logentry_remove_auto_add	2024-11-17 21:39:55.699037-06
5	admin	0003_logentry_add_action_flag_choices	2024-11-17 21:39:55.711753-06
6	contenttypes	0002_remove_content_type_name	2024-11-17 21:39:55.760214-06
7	auth	0002_alter_permission_name_max_length	2024-11-17 21:39:55.77302-06
8	auth	0003_alter_user_email_max_length	2024-11-17 21:39:55.786025-06
9	auth	0004_alter_user_username_opts	2024-11-17 21:39:55.803319-06
10	auth	0005_alter_user_last_login_null	2024-11-17 21:39:55.825941-06
11	auth	0006_require_contenttypes_0002	2024-11-17 21:39:55.831269-06
12	auth	0007_alter_validators_add_error_messages	2024-11-17 21:39:55.867324-06
13	auth	0008_alter_user_username_max_length	2024-11-17 21:39:56.057986-06
14	auth	0009_alter_user_last_name_max_length	2024-11-17 21:39:56.067028-06
15	auth	0010_alter_group_name_max_length	2024-11-17 21:39:56.099455-06
16	auth	0011_update_proxy_permissions	2024-11-17 21:39:56.106764-06
17	auth	0012_alter_user_first_name_max_length	2024-11-17 21:39:56.12959-06
18	sessions	0001_initial	2024-11-17 21:39:56.257159-06
19	gestion_VarelaGimnasio	0001_initial	2024-11-17 21:48:56.696395-06
20	gestion_VarelaGimnasio	0002_alter_producto_cantidad_stock_and_more	2024-11-18 21:34:55.913783-06
21	gestion_VarelaGimnasio	0003_remove_membresia_duracion_dias_and_more	2024-11-18 23:46:47.057957-06
22	gestion_VarelaGimnasio	0004_remove_transaccion_descripcion_transaccion_usuario_and_more	2024-11-19 00:02:33.883351-06
23	gestion_VarelaGimnasio	0005_alter_membresia_fecha_expiracion	2024-11-19 00:02:33.914485-06
24	gestion_VarelaGimnasio	0006_alter_membresia_fecha_expiracion_factura_and_more	2024-11-26 23:08:24.961308-06
\.


--
-- Data for Name: django_session; Type: TABLE DATA; Schema: public; Owner: postgres
--

COPY public.django_session (session_key, session_data, expire_date) FROM stdin;
8t31lbw6gmrqf4l4ciq7zh43twopp5cq	.eJxVjMEOwiAQBf-FsyHAQikevfcbyMKCVA0kpT0Z_92Q9KDXNzPvzTwee_FHT5tfiV2ZZJffLWB8pjoAPbDeG4-t7tsa-FD4STtfGqXX7XT_Dgr2MupJZ6edAABhDSWQ2VqHFIUS2Tg5C2VT1IHAzJhBSutC1jmCwqQmAvb5AsW4N3M:1tCsei:gbMIVdWLEPn-zCpLUOY6WfN4yQnVpkPgnbWabfVByng	2024-12-01 21:42:28.157247-06
\.


--
-- Data for Name: gestion_VarelaGimnasio_detallefactura; Type: TABLE DATA; Schema: public; Owner: postgres
--

COPY public."gestion_VarelaGimnasio_detallefactura" (id, cantidad, precio_unitario, subtotal, producto_id, factura_id) FROM stdin;
1	2	400.00	800.00	2	1
2	3	400.00	1200.00	2	2
3	7	400.00	2800.00	2	3
4	1	600.00	600.00	3	4
5	3	400.00	1200.00	2	4
6	2	600.00	1200.00	3	5
7	1	400.00	400.00	2	5
\.


--
-- Data for Name: gestion_VarelaGimnasio_factura; Type: TABLE DATA; Schema: public; Owner: postgres
--

COPY public."gestion_VarelaGimnasio_factura" (id, fecha_emision, total, cliente_id) FROM stdin;
1	2024-11-26 23:28:02.829288-06	800.00	3
2	2024-11-26 23:34:04.594726-06	1200.00	2
3	2024-12-01 11:34:26.572182-06	2800.00	10
4	2024-12-01 11:37:07.413108-06	1800.00	8
5	2024-12-01 12:43:22.661707-06	1600.00	10
\.


--
-- Data for Name: gestion_VarelaGimnasio_membresia; Type: TABLE DATA; Schema: public; Owner: postgres
--

COPY public."gestion_VarelaGimnasio_membresia" (id, precio, fecha_expiracion, fecha_inicio, tipo, usuario_id) FROM stdin;
3	900.00	2024-12-24	2024-11-24	Mensual	2
4	2500.00	2025-11-25	2024-11-25	Anual	4
5	2500.00	2025-11-22	2024-11-22	Anual	10
\.


--
-- Data for Name: gestion_VarelaGimnasio_producto; Type: TABLE DATA; Schema: public; Owner: postgres
--

COPY public."gestion_VarelaGimnasio_producto" (id, nombre, categoria, cantidad_stock, precio_unitario) FROM stdin;
2	Carbohidratos	Capsulas	21	400.00
3	Suplementos	Capsulas	90	600.00
\.


--
-- Data for Name: gestion_VarelaGimnasio_transaccion; Type: TABLE DATA; Schema: public; Owner: postgres
--

COPY public."gestion_VarelaGimnasio_transaccion" (id, tipo, monto, fecha, usuario_id) FROM stdin;
4	Pago	300.00	2024-11-03 18:00:00-06	4
5	Pago	7000.00	2024-11-23 18:00:00-06	2
6	Compra	200.00	2024-11-17 18:00:00-06	6
7	Compra	1000.00	2024-11-04 18:00:00-06	5
9	Pago	8000.00	2024-11-18 18:00:00-06	5
10	Compra	500.00	2024-11-23 18:00:00-06	6
11	Pago	2000.00	2024-11-23 18:00:00-06	3
12	Pago	1200.00	2024-11-22 18:00:00-06	8
13	Pago	70000.00	2024-11-19 18:00:00-06	10
\.


--
-- Data for Name: gestion_VarelaGimnasio_usuario; Type: TABLE DATA; Schema: public; Owner: postgres
--

COPY public."gestion_VarelaGimnasio_usuario" (id, nombre, correo, telefono) FROM stdin;
2	Juan Pérez	juan.perez@yahoo.com	123456789
3	Gabriela	gabrielamatamoros57@gmail.com	58279047
6	martha	martha@gmail.com	12345678
8	sofi	sofi@gmail.com	58279047
4	Isayana de los angeles	isamats@gmail.com	12345678
5	carlos Marx	carlos@gmail.com	12345678
9	Maria del Socorro	Mejicanos@gmail.com	87654321
10	Dixaura Junieth	dixmats@gmail.com	22334488
\.


--
-- Name: auth_group_id_seq; Type: SEQUENCE SET; Schema: public; Owner: postgres
--

SELECT pg_catalog.setval('public.auth_group_id_seq', 1, false);


--
-- Name: auth_group_permissions_id_seq; Type: SEQUENCE SET; Schema: public; Owner: postgres
--

SELECT pg_catalog.setval('public.auth_group_permissions_id_seq', 1, false);


--
-- Name: auth_permission_id_seq; Type: SEQUENCE SET; Schema: public; Owner: postgres
--

SELECT pg_catalog.setval('public.auth_permission_id_seq', 48, true);


--
-- Name: auth_user_groups_id_seq; Type: SEQUENCE SET; Schema: public; Owner: postgres
--

SELECT pg_catalog.setval('public.auth_user_groups_id_seq', 1, false);


--
-- Name: auth_user_id_seq; Type: SEQUENCE SET; Schema: public; Owner: postgres
--

SELECT pg_catalog.setval('public.auth_user_id_seq', 1, true);


--
-- Name: auth_user_user_permissions_id_seq; Type: SEQUENCE SET; Schema: public; Owner: postgres
--

SELECT pg_catalog.setval('public.auth_user_user_permissions_id_seq', 1, false);


--
-- Name: django_admin_log_id_seq; Type: SEQUENCE SET; Schema: public; Owner: postgres
--

SELECT pg_catalog.setval('public.django_admin_log_id_seq', 1, false);


--
-- Name: django_content_type_id_seq; Type: SEQUENCE SET; Schema: public; Owner: postgres
--

SELECT pg_catalog.setval('public.django_content_type_id_seq', 12, true);


--
-- Name: django_migrations_id_seq; Type: SEQUENCE SET; Schema: public; Owner: postgres
--

SELECT pg_catalog.setval('public.django_migrations_id_seq', 24, true);


--
-- Name: gestion_VarelaGimnasio_detallefactura_id_seq; Type: SEQUENCE SET; Schema: public; Owner: postgres
--

SELECT pg_catalog.setval('public."gestion_VarelaGimnasio_detallefactura_id_seq"', 7, true);


--
-- Name: gestion_VarelaGimnasio_factura_id_seq; Type: SEQUENCE SET; Schema: public; Owner: postgres
--

SELECT pg_catalog.setval('public."gestion_VarelaGimnasio_factura_id_seq"', 5, true);


--
-- Name: gestion_VarelaGimnasio_membresia_id_seq; Type: SEQUENCE SET; Schema: public; Owner: postgres
--

SELECT pg_catalog.setval('public."gestion_VarelaGimnasio_membresia_id_seq"', 5, true);


--
-- Name: gestion_VarelaGimnasio_producto_id_seq; Type: SEQUENCE SET; Schema: public; Owner: postgres
--

SELECT pg_catalog.setval('public."gestion_VarelaGimnasio_producto_id_seq"', 3, true);


--
-- Name: gestion_VarelaGimnasio_transaccion_id_seq; Type: SEQUENCE SET; Schema: public; Owner: postgres
--

SELECT pg_catalog.setval('public."gestion_VarelaGimnasio_transaccion_id_seq"', 13, true);


--
-- Name: gestion_VarelaGimnasio_usuario_id_seq; Type: SEQUENCE SET; Schema: public; Owner: postgres
--

SELECT pg_catalog.setval('public."gestion_VarelaGimnasio_usuario_id_seq"', 10, true);


--
-- Name: auth_group auth_group_name_key; Type: CONSTRAINT; Schema: public; Owner: postgres
--

ALTER TABLE ONLY public.auth_group
    ADD CONSTRAINT auth_group_name_key UNIQUE (name);


--
-- Name: auth_group_permissions auth_group_permissions_group_id_permission_id_0cd325b0_uniq; Type: CONSTRAINT; Schema: public; Owner: postgres
--

ALTER TABLE ONLY public.auth_group_permissions
    ADD CONSTRAINT auth_group_permissions_group_id_permission_id_0cd325b0_uniq UNIQUE (group_id, permission_id);


--
-- Name: auth_group_permissions auth_group_permissions_pkey; Type: CONSTRAINT; Schema: public; Owner: postgres
--

ALTER TABLE ONLY public.auth_group_permissions
    ADD CONSTRAINT auth_group_permissions_pkey PRIMARY KEY (id);


--
-- Name: auth_group auth_group_pkey; Type: CONSTRAINT; Schema: public; Owner: postgres
--

ALTER TABLE ONLY public.auth_group
    ADD CONSTRAINT auth_group_pkey PRIMARY KEY (id);


--
-- Name: auth_permission auth_permission_content_type_id_codename_01ab375a_uniq; Type: CONSTRAINT; Schema: public; Owner: postgres
--

ALTER TABLE ONLY public.auth_permission
    ADD CONSTRAINT auth_permission_content_type_id_codename_01ab375a_uniq UNIQUE (content_type_id, codename);


--
-- Name: auth_permission auth_permission_pkey; Type: CONSTRAINT; Schema: public; Owner: postgres
--

ALTER TABLE ONLY public.auth_permission
    ADD CONSTRAINT auth_permission_pkey PRIMARY KEY (id);


--
-- Name: auth_user_groups auth_user_groups_pkey; Type: CONSTRAINT; Schema: public; Owner: postgres
--

ALTER TABLE ONLY public.auth_user_groups
    ADD CONSTRAINT auth_user_groups_pkey PRIMARY KEY (id);


--
-- Name: auth_user_groups auth_user_groups_user_id_group_id_94350c0c_uniq; Type: CONSTRAINT; Schema: public; Owner: postgres
--

ALTER TABLE ONLY public.auth_user_groups
    ADD CONSTRAINT auth_user_groups_user_id_group_id_94350c0c_uniq UNIQUE (user_id, group_id);


--
-- Name: auth_user auth_user_pkey; Type: CONSTRAINT; Schema: public; Owner: postgres
--

ALTER TABLE ONLY public.auth_user
    ADD CONSTRAINT auth_user_pkey PRIMARY KEY (id);


--
-- Name: auth_user_user_permissions auth_user_user_permissions_pkey; Type: CONSTRAINT; Schema: public; Owner: postgres
--

ALTER TABLE ONLY public.auth_user_user_permissions
    ADD CONSTRAINT auth_user_user_permissions_pkey PRIMARY KEY (id);


--
-- Name: auth_user_user_permissions auth_user_user_permissions_user_id_permission_id_14a6b632_uniq; Type: CONSTRAINT; Schema: public; Owner: postgres
--

ALTER TABLE ONLY public.auth_user_user_permissions
    ADD CONSTRAINT auth_user_user_permissions_user_id_permission_id_14a6b632_uniq UNIQUE (user_id, permission_id);


--
-- Name: auth_user auth_user_username_key; Type: CONSTRAINT; Schema: public; Owner: postgres
--

ALTER TABLE ONLY public.auth_user
    ADD CONSTRAINT auth_user_username_key UNIQUE (username);


--
-- Name: django_admin_log django_admin_log_pkey; Type: CONSTRAINT; Schema: public; Owner: postgres
--

ALTER TABLE ONLY public.django_admin_log
    ADD CONSTRAINT django_admin_log_pkey PRIMARY KEY (id);


--
-- Name: django_content_type django_content_type_app_label_model_76bd3d3b_uniq; Type: CONSTRAINT; Schema: public; Owner: postgres
--

ALTER TABLE ONLY public.django_content_type
    ADD CONSTRAINT django_content_type_app_label_model_76bd3d3b_uniq UNIQUE (app_label, model);


--
-- Name: django_content_type django_content_type_pkey; Type: CONSTRAINT; Schema: public; Owner: postgres
--

ALTER TABLE ONLY public.django_content_type
    ADD CONSTRAINT django_content_type_pkey PRIMARY KEY (id);


--
-- Name: django_migrations django_migrations_pkey; Type: CONSTRAINT; Schema: public; Owner: postgres
--

ALTER TABLE ONLY public.django_migrations
    ADD CONSTRAINT django_migrations_pkey PRIMARY KEY (id);


--
-- Name: django_session django_session_pkey; Type: CONSTRAINT; Schema: public; Owner: postgres
--

ALTER TABLE ONLY public.django_session
    ADD CONSTRAINT django_session_pkey PRIMARY KEY (session_key);


--
-- Name: gestion_VarelaGimnasio_detallefactura gestion_VarelaGimnasio_detallefactura_pkey; Type: CONSTRAINT; Schema: public; Owner: postgres
--

ALTER TABLE ONLY public."gestion_VarelaGimnasio_detallefactura"
    ADD CONSTRAINT "gestion_VarelaGimnasio_detallefactura_pkey" PRIMARY KEY (id);


--
-- Name: gestion_VarelaGimnasio_factura gestion_VarelaGimnasio_factura_pkey; Type: CONSTRAINT; Schema: public; Owner: postgres
--

ALTER TABLE ONLY public."gestion_VarelaGimnasio_factura"
    ADD CONSTRAINT "gestion_VarelaGimnasio_factura_pkey" PRIMARY KEY (id);


--
-- Name: gestion_VarelaGimnasio_membresia gestion_VarelaGimnasio_membresia_pkey; Type: CONSTRAINT; Schema: public; Owner: postgres
--

ALTER TABLE ONLY public."gestion_VarelaGimnasio_membresia"
    ADD CONSTRAINT "gestion_VarelaGimnasio_membresia_pkey" PRIMARY KEY (id);


--
-- Name: gestion_VarelaGimnasio_producto gestion_VarelaGimnasio_producto_pkey; Type: CONSTRAINT; Schema: public; Owner: postgres
--

ALTER TABLE ONLY public."gestion_VarelaGimnasio_producto"
    ADD CONSTRAINT "gestion_VarelaGimnasio_producto_pkey" PRIMARY KEY (id);


--
-- Name: gestion_VarelaGimnasio_transaccion gestion_VarelaGimnasio_transaccion_pkey; Type: CONSTRAINT; Schema: public; Owner: postgres
--

ALTER TABLE ONLY public."gestion_VarelaGimnasio_transaccion"
    ADD CONSTRAINT "gestion_VarelaGimnasio_transaccion_pkey" PRIMARY KEY (id);


--
-- Name: gestion_VarelaGimnasio_usuario gestion_VarelaGimnasio_usuario_correo_key; Type: CONSTRAINT; Schema: public; Owner: postgres
--

ALTER TABLE ONLY public."gestion_VarelaGimnasio_usuario"
    ADD CONSTRAINT "gestion_VarelaGimnasio_usuario_correo_key" UNIQUE (correo);


--
-- Name: gestion_VarelaGimnasio_usuario gestion_VarelaGimnasio_usuario_pkey; Type: CONSTRAINT; Schema: public; Owner: postgres
--

ALTER TABLE ONLY public."gestion_VarelaGimnasio_usuario"
    ADD CONSTRAINT "gestion_VarelaGimnasio_usuario_pkey" PRIMARY KEY (id);


--
-- Name: auth_group_name_a6ea08ec_like; Type: INDEX; Schema: public; Owner: postgres
--

CREATE INDEX auth_group_name_a6ea08ec_like ON public.auth_group USING btree (name varchar_pattern_ops);


--
-- Name: auth_group_permissions_group_id_b120cbf9; Type: INDEX; Schema: public; Owner: postgres
--

CREATE INDEX auth_group_permissions_group_id_b120cbf9 ON public.auth_group_permissions USING btree (group_id);


--
-- Name: auth_group_permissions_permission_id_84c5c92e; Type: INDEX; Schema: public; Owner: postgres
--

CREATE INDEX auth_group_permissions_permission_id_84c5c92e ON public.auth_group_permissions USING btree (permission_id);


--
-- Name: auth_permission_content_type_id_2f476e4b; Type: INDEX; Schema: public; Owner: postgres
--

CREATE INDEX auth_permission_content_type_id_2f476e4b ON public.auth_permission USING btree (content_type_id);


--
-- Name: auth_user_groups_group_id_97559544; Type: INDEX; Schema: public; Owner: postgres
--

CREATE INDEX auth_user_groups_group_id_97559544 ON public.auth_user_groups USING btree (group_id);


--
-- Name: auth_user_groups_user_id_6a12ed8b; Type: INDEX; Schema: public; Owner: postgres
--

CREATE INDEX auth_user_groups_user_id_6a12ed8b ON public.auth_user_groups USING btree (user_id);


--
-- Name: auth_user_user_permissions_permission_id_1fbb5f2c; Type: INDEX; Schema: public; Owner: postgres
--

CREATE INDEX auth_user_user_permissions_permission_id_1fbb5f2c ON public.auth_user_user_permissions USING btree (permission_id);


--
-- Name: auth_user_user_permissions_user_id_a95ead1b; Type: INDEX; Schema: public; Owner: postgres
--

CREATE INDEX auth_user_user_permissions_user_id_a95ead1b ON public.auth_user_user_permissions USING btree (user_id);


--
-- Name: auth_user_username_6821ab7c_like; Type: INDEX; Schema: public; Owner: postgres
--

CREATE INDEX auth_user_username_6821ab7c_like ON public.auth_user USING btree (username varchar_pattern_ops);


--
-- Name: django_admin_log_content_type_id_c4bce8eb; Type: INDEX; Schema: public; Owner: postgres
--

CREATE INDEX django_admin_log_content_type_id_c4bce8eb ON public.django_admin_log USING btree (content_type_id);


--
-- Name: django_admin_log_user_id_c564eba6; Type: INDEX; Schema: public; Owner: postgres
--

CREATE INDEX django_admin_log_user_id_c564eba6 ON public.django_admin_log USING btree (user_id);


--
-- Name: django_session_expire_date_a5c62663; Type: INDEX; Schema: public; Owner: postgres
--

CREATE INDEX django_session_expire_date_a5c62663 ON public.django_session USING btree (expire_date);


--
-- Name: django_session_session_key_c0390e0f_like; Type: INDEX; Schema: public; Owner: postgres
--

CREATE INDEX django_session_session_key_c0390e0f_like ON public.django_session USING btree (session_key varchar_pattern_ops);


--
-- Name: gestion_VarelaGimnasio_detallefactura_factura_id_b030ead8; Type: INDEX; Schema: public; Owner: postgres
--

CREATE INDEX "gestion_VarelaGimnasio_detallefactura_factura_id_b030ead8" ON public."gestion_VarelaGimnasio_detallefactura" USING btree (factura_id);


--
-- Name: gestion_VarelaGimnasio_detallefactura_producto_id_d7f04829; Type: INDEX; Schema: public; Owner: postgres
--

CREATE INDEX "gestion_VarelaGimnasio_detallefactura_producto_id_d7f04829" ON public."gestion_VarelaGimnasio_detallefactura" USING btree (producto_id);


--
-- Name: gestion_VarelaGimnasio_factura_cliente_id_1bf1363f; Type: INDEX; Schema: public; Owner: postgres
--

CREATE INDEX "gestion_VarelaGimnasio_factura_cliente_id_1bf1363f" ON public."gestion_VarelaGimnasio_factura" USING btree (cliente_id);


--
-- Name: gestion_VarelaGimnasio_membresia_usuario_id_5c992558; Type: INDEX; Schema: public; Owner: postgres
--

CREATE INDEX "gestion_VarelaGimnasio_membresia_usuario_id_5c992558" ON public."gestion_VarelaGimnasio_membresia" USING btree (usuario_id);


--
-- Name: gestion_VarelaGimnasio_transaccion_usuario_id_6833d2b9; Type: INDEX; Schema: public; Owner: postgres
--

CREATE INDEX "gestion_VarelaGimnasio_transaccion_usuario_id_6833d2b9" ON public."gestion_VarelaGimnasio_transaccion" USING btree (usuario_id);


--
-- Name: gestion_VarelaGimnasio_usuario_correo_0acccefb_like; Type: INDEX; Schema: public; Owner: postgres
--

CREATE INDEX "gestion_VarelaGimnasio_usuario_correo_0acccefb_like" ON public."gestion_VarelaGimnasio_usuario" USING btree (correo varchar_pattern_ops);


--
-- Name: auth_group_permissions auth_group_permissio_permission_id_84c5c92e_fk_auth_perm; Type: FK CONSTRAINT; Schema: public; Owner: postgres
--

ALTER TABLE ONLY public.auth_group_permissions
    ADD CONSTRAINT auth_group_permissio_permission_id_84c5c92e_fk_auth_perm FOREIGN KEY (permission_id) REFERENCES public.auth_permission(id) DEFERRABLE INITIALLY DEFERRED;


--
-- Name: auth_group_permissions auth_group_permissions_group_id_b120cbf9_fk_auth_group_id; Type: FK CONSTRAINT; Schema: public; Owner: postgres
--

ALTER TABLE ONLY public.auth_group_permissions
    ADD CONSTRAINT auth_group_permissions_group_id_b120cbf9_fk_auth_group_id FOREIGN KEY (group_id) REFERENCES public.auth_group(id) DEFERRABLE INITIALLY DEFERRED;


--
-- Name: auth_permission auth_permission_content_type_id_2f476e4b_fk_django_co; Type: FK CONSTRAINT; Schema: public; Owner: postgres
--

ALTER TABLE ONLY public.auth_permission
    ADD CONSTRAINT auth_permission_content_type_id_2f476e4b_fk_django_co FOREIGN KEY (content_type_id) REFERENCES public.django_content_type(id) DEFERRABLE INITIALLY DEFERRED;


--
-- Name: auth_user_groups auth_user_groups_group_id_97559544_fk_auth_group_id; Type: FK CONSTRAINT; Schema: public; Owner: postgres
--

ALTER TABLE ONLY public.auth_user_groups
    ADD CONSTRAINT auth_user_groups_group_id_97559544_fk_auth_group_id FOREIGN KEY (group_id) REFERENCES public.auth_group(id) DEFERRABLE INITIALLY DEFERRED;


--
-- Name: auth_user_groups auth_user_groups_user_id_6a12ed8b_fk_auth_user_id; Type: FK CONSTRAINT; Schema: public; Owner: postgres
--

ALTER TABLE ONLY public.auth_user_groups
    ADD CONSTRAINT auth_user_groups_user_id_6a12ed8b_fk_auth_user_id FOREIGN KEY (user_id) REFERENCES public.auth_user(id) DEFERRABLE INITIALLY DEFERRED;


--
-- Name: auth_user_user_permissions auth_user_user_permi_permission_id_1fbb5f2c_fk_auth_perm; Type: FK CONSTRAINT; Schema: public; Owner: postgres
--

ALTER TABLE ONLY public.auth_user_user_permissions
    ADD CONSTRAINT auth_user_user_permi_permission_id_1fbb5f2c_fk_auth_perm FOREIGN KEY (permission_id) REFERENCES public.auth_permission(id) DEFERRABLE INITIALLY DEFERRED;


--
-- Name: auth_user_user_permissions auth_user_user_permissions_user_id_a95ead1b_fk_auth_user_id; Type: FK CONSTRAINT; Schema: public; Owner: postgres
--

ALTER TABLE ONLY public.auth_user_user_permissions
    ADD CONSTRAINT auth_user_user_permissions_user_id_a95ead1b_fk_auth_user_id FOREIGN KEY (user_id) REFERENCES public.auth_user(id) DEFERRABLE INITIALLY DEFERRED;


--
-- Name: django_admin_log django_admin_log_content_type_id_c4bce8eb_fk_django_co; Type: FK CONSTRAINT; Schema: public; Owner: postgres
--

ALTER TABLE ONLY public.django_admin_log
    ADD CONSTRAINT django_admin_log_content_type_id_c4bce8eb_fk_django_co FOREIGN KEY (content_type_id) REFERENCES public.django_content_type(id) DEFERRABLE INITIALLY DEFERRED;


--
-- Name: django_admin_log django_admin_log_user_id_c564eba6_fk_auth_user_id; Type: FK CONSTRAINT; Schema: public; Owner: postgres
--

ALTER TABLE ONLY public.django_admin_log
    ADD CONSTRAINT django_admin_log_user_id_c564eba6_fk_auth_user_id FOREIGN KEY (user_id) REFERENCES public.auth_user(id) DEFERRABLE INITIALLY DEFERRED;


--
-- Name: gestion_VarelaGimnasio_factura gestion_VarelaGimnas_cliente_id_1bf1363f_fk_gestion_V; Type: FK CONSTRAINT; Schema: public; Owner: postgres
--

ALTER TABLE ONLY public."gestion_VarelaGimnasio_factura"
    ADD CONSTRAINT "gestion_VarelaGimnas_cliente_id_1bf1363f_fk_gestion_V" FOREIGN KEY (cliente_id) REFERENCES public."gestion_VarelaGimnasio_usuario"(id) DEFERRABLE INITIALLY DEFERRED;


--
-- Name: gestion_VarelaGimnasio_detallefactura gestion_VarelaGimnas_factura_id_b030ead8_fk_gestion_V; Type: FK CONSTRAINT; Schema: public; Owner: postgres
--

ALTER TABLE ONLY public."gestion_VarelaGimnasio_detallefactura"
    ADD CONSTRAINT "gestion_VarelaGimnas_factura_id_b030ead8_fk_gestion_V" FOREIGN KEY (factura_id) REFERENCES public."gestion_VarelaGimnasio_factura"(id) DEFERRABLE INITIALLY DEFERRED;


--
-- Name: gestion_VarelaGimnasio_detallefactura gestion_VarelaGimnas_producto_id_d7f04829_fk_gestion_V; Type: FK CONSTRAINT; Schema: public; Owner: postgres
--

ALTER TABLE ONLY public."gestion_VarelaGimnasio_detallefactura"
    ADD CONSTRAINT "gestion_VarelaGimnas_producto_id_d7f04829_fk_gestion_V" FOREIGN KEY (producto_id) REFERENCES public."gestion_VarelaGimnasio_producto"(id) DEFERRABLE INITIALLY DEFERRED;


--
-- Name: gestion_VarelaGimnasio_membresia gestion_VarelaGimnas_usuario_id_5c992558_fk_gestion_V; Type: FK CONSTRAINT; Schema: public; Owner: postgres
--

ALTER TABLE ONLY public."gestion_VarelaGimnasio_membresia"
    ADD CONSTRAINT "gestion_VarelaGimnas_usuario_id_5c992558_fk_gestion_V" FOREIGN KEY (usuario_id) REFERENCES public."gestion_VarelaGimnasio_usuario"(id) DEFERRABLE INITIALLY DEFERRED;


--
-- Name: gestion_VarelaGimnasio_transaccion gestion_VarelaGimnas_usuario_id_6833d2b9_fk_gestion_V; Type: FK CONSTRAINT; Schema: public; Owner: postgres
--

ALTER TABLE ONLY public."gestion_VarelaGimnasio_transaccion"
    ADD CONSTRAINT "gestion_VarelaGimnas_usuario_id_6833d2b9_fk_gestion_V" FOREIGN KEY (usuario_id) REFERENCES public."gestion_VarelaGimnasio_usuario"(id) DEFERRABLE INITIALLY DEFERRED;


--
-- PostgreSQL database dump complete
--

